"RelPath","Length","LastWriteTimeUtc","SHA256"
"doubao\1.png","3180989","2026-10-04T11:24:31.4935116Z","6B97DB1630D9F965C402BD5133A07DA6D15C6882D107BFC4B74B70AB21C68F7B"
"底图\八两.png","946047","2026-09-14T07:22:19.2085028Z","3D5A8D54ADC8B0F0CECF0AB8C4A7CA0D86D9B9735C6FCB480A7A4EDEC79292F7"
"底图\不二.png","1012720","2026-08-27T07:46:22.3660786Z","704D20C4BE8ABCAB02D4B511D8B37A6C412317A2A90122908AD9DAE49DD365E5"
"底图\七夜.png","1046464","2026-08-27T07:46:21.9223691Z","9CFF17478B4271A0EFCFF3E7F96AFEC34317CDA9872628D3466135CFAF55D315"
"底图\三丰.png","1004563","2026-08-27T07:51:57.9314732Z","AD42C3A6308D4DCD5F6E375630FEAB21D042D9F84D58296713615B90AE491663"
"底图\四月.png","1059868","2026-09-14T07:22:04.9409770Z","029D3F68950FFA2636B092959264BC2B4A1954B0BB6066B99A3A78F80A4862BC"
"底图\天一.png","914586","2026-09-14T07:23:09.6514679Z","7EF89C06EABADB813E4E9D9878744CF16DE8B9005F5D66C9C4907A54B4CCD4D1"
"底图\五灵.png","975033","2026-09-14T07:23:01.0839025Z","CF9EFB1BB5719632DC1CC222B133E05080EE279440EF7B68A80F6F5C7C527506"
"底图\小九.png","977377","2026-08-27T07:46:22.7695827Z","0CF2E6C7722D89052041CF3E7EB3A7B32E610704771B0FF0B21946956B4A3435"
"底图\资源 46.png","1009806","2026-08-28T07:28:01.4792618Z","F961D4F99994F8F05AB8153D09868A71AA95DDD38E608E1E7DAAC334C6F53EAF"
"底图\资源 47.png","1053070","2026-08-28T07:28:01.7034915Z","991EA0992C575B7828FE774D091FD3F862F36AADC1A39B223234CF17535A9D6A"
"底图\资源 48.png","1048120","2026-08-28T07:28:01.9344918Z","D22C1E6923DB4C9595AE64A251071B64EB036128E592CA161DE073456E17B64D"
"底图\资源 49.png","1035495","2026-08-28T07:28:02.1495692Z","805F3F5974FE6A0764E844D186EDE1056C4C159CC88AEACB03E55A928DBA9DDB"
"去水印_预览\档位对比_1.png","847336","2026-10-04T14:17:31.0916509Z","F833F53EEFBB07CFEC65AA15A282281D808AA4C54EBBF67C9EB3069778F8CAD3"
"去水印_预览\档位对比_2.png","622471","2026-10-04T14:17:31.2149115Z","6595E577203220F8A0026A5F044671F168160FBBB3F638E862665D2C05B8ED72"
"去水印_预览\档位对比_3.png","947042","2026-10-04T14:17:31.3530577Z","7C4FA1319EC22EBE1FE705A31C1C2A24D1A0D9C3585AB8605D343432403A1652"
"去水印_预览\档位对比_4.png","766937","2026-10-04T14:17:31.4901295Z","4F505A53D9040812C836EBB8BBC4B1F9A8009A7F24ED4C4D2146D0CAF9E763E5"
"去水印_预览\档位对比_5.png","766937","2026-10-04T14:17:31.6145909Z","4F505A53D9040812C836EBB8BBC4B1F9A8009A7F24ED4C4D2146D0CAF9E763E5"
"去水印_预览\档位对比_6.png","1002204","2026-10-04T14:17:31.7411592Z","9B922EDEE5892A62346C8D9EBAB73D572D4405184FC4A47FEDCEAD95FAD682D5"
"去水印_预览\档位对比_测试_1.png","1584272","2026-10-04T14:17:31.9554206Z","7E4A6A6A0B0EC101E7F04AEC9A2AD77144A26B09C598DA5B1896EBC19C517904"
"水印诊断\诊断_1.png","4210291","2026-10-04T14:00:42.4605748Z","9EB5DD8FFCDE19C2A0F865DB454A3FFBC66B520EC218B845E4477C29F30765F5"
"水印诊断\诊断_2.png","3897279","2026-10-04T14:00:42.6673400Z","9DC9E89D540612C5F595667592BB9490D01243DED2E8CB9D854654CBAC0F899D"
"水印诊断\诊断_3.png","4329048","2026-10-04T14:00:42.8839263Z","1B0E2654B25DF04CC6876C2995B5DA35D1A7ECBA75286D51CB65B59231996C18"
"水印诊断\诊断_4.png","4187535","2026-10-04T14:00:43.0942197Z","D5CD13DDFEE181BE60A52ABE3FA34D3D03C659E30A5BB97C934FE64AAB7977B8"
"水印诊断\诊断_5.png","4187535","2026-10-04T14:00:43.3062525Z","D5CD13DDFEE181BE60A52ABE3FA34D3D03C659E30A5BB97C934FE64AAB7977B8"
"水印诊断\诊断_6.png","4195463","2026-10-04T14:00:43.5156754Z","5BDDDE890CA202C596C4A48F377C74428E16A7A5EF24E4EC1421A6A557DF734C"
"水印诊断\诊断_测试_1.png","5410277","2026-10-04T14:00:43.8226478Z","C8CE56550DC66A720A07F02D47E2BA1F6B55DBE55F9B06B49A712E906248F4CB"
"无水印\1.png","295665","2026-10-04T14:17:30.0175504Z","6A63A7845F6E2F9928ECE56C735A4BBFA95FBC31165E75896CEBC8EE436F6A9B"
"无水印\2.png","257914","2026-10-04T14:17:30.1311891Z","ECB57710528315C1FB268CBEB9BA6E46FF6FC2D6F8E0B5B6B16C2E95893E7F14"
"无水印\3.png","307195","2026-10-04T14:17:30.2376551Z","7CAC812B1AAF4918B3ED901492AAFF86A49D08CB237F7E0F7D64EF8618598430"
"无水印\4.png","305198","2026-10-04T14:17:30.3504348Z","107986C672287C5BC35E8D1996BCEBD18718448A0ABB6527740BD96F136E415D"
"无水印\5.png","305198","2026-10-04T14:17:30.4587187Z","107986C672287C5BC35E8D1996BCEBD18718448A0ABB6527740BD96F136E415D"
"无水印\6.png","299009","2026-10-04T14:17:30.5641273Z","FD6A36ABD3FD2B153834FBA90BE1E7EABD72896C699D1AC03DB0BFB9CC708628"
"无水印\测试_1.png","397299","2026-10-04T14:17:30.6891409Z","09E91754120C0243D7B03EF7A2E954B458966BC09BB3E73A2C3F7A647D9515DF"
"无水印_精修\1.png","336545","2026-10-04T11:35:14.5841102Z","1675134E22C5CDE0867A11C9C2DBDFED570D8C60A1AA36CA3D4EDB5CBFA09DF6"
"无水印_精修\2.png","293010","2026-10-04T11:35:15.5023722Z","C4B6B7F5F7D6BCEDDBE557A34742FAE4159823625069987904D76A4003781624"
"无水印_精修\3.png","348126","2026-10-04T11:35:16.4181520Z","44AECD8B2B753E2C51ACBC14E5E7580E0A68F7EAED8A4759E60AD6BE7AFBF162"
"无水印_精修\4.png","344216","2026-10-04T11:35:17.4041106Z","9AC7EACC9CD2323C8F24F839768D58CC57B2D31602725B21F65BF48E19175E1C"
"无水印_精修\5.png","344216","2026-10-04T11:35:18.3539493Z","9AC7EACC9CD2323C8F24F839768D58CC57B2D31602725B21F65BF48E19175E1C"
"无水印_精修\6.png","338620","2026-10-04T11:35:19.2112763Z","48622B6C44E718537A8B98B7B2AC9469B95F1A0DBAC1D3C35419FDDF33833F1E"
"无水印_精修\测试_1.png","451708","2026-10-04T11:35:20.3201821Z","54398A7CF9F8CD71ED94C03F0720BEBDE2DD0134DAFA7B7403D0891AB7988DFC"
"无水印_细纹轻\1.png","317438","2026-10-04T14:17:15.5816810Z","3D468A066C4744C0978EB2E2C5158157CAEBCC044FF2F2AE0FF47A4441A03194"
"无水印_细纹轻\2.png","276924","2026-10-04T14:17:15.7010152Z","582C7E1E6C54EA05374AEDD1A95C067C1B5B5437F95C5EC77542020AB47DCCBC"
"无水印_细纹轻\3.png","329439","2026-10-04T14:17:15.8092278Z","33A2B5BBDFC896927D0421F591E4B42BCB203320CC893486FC588F70A209E3B0"
"无水印_细纹轻\4.png","326452","2026-10-04T14:17:15.9131567Z","385F6857EBE10F401989D3E071D8C9AA0ED745DA8A3958562D950AF95800E080"
"无水印_细纹轻\5.png","326452","2026-10-04T14:17:16.0160572Z","385F6857EBE10F401989D3E071D8C9AA0ED745DA8A3958562D950AF95800E080"
"无水印_细纹轻\6.png","321471","2026-10-04T14:17:16.1222197Z","4C285D8D706906F93892273FA0CE38D61F02FFCF9B8166D016607A94B8ED09D9"
"无水印_细纹轻\测试_1.png","425621","2026-10-04T14:17:16.2488429Z","49C620EF5E6E5A98C4E4492A09B41C7468D2907CE93CC1D4FEB26654D67B1BE2"
"无水印_细纹重\1.png","262034","2026-10-04T14:17:16.5693029Z","A04273708FD39C5B90AB799579B6838E96F97FD442BEAFFE7B1FC5060DDC5EAE"
"无水印_细纹重\2.png","225325","2026-10-04T14:17:16.6847318Z","54790C3561D7465B54173573D656CD30AEBB6B6BD5C68AA21532D4476AAE54EE"
"无水印_细纹重\3.png","275216","2026-10-04T14:17:16.7868465Z","E7D4EF0A472C42C73B98C5358A12F5521DBD18C00F374AF3ED9E1618CBB0E01B"
"无水印_细纹重\4.png","273681","2026-10-04T14:17:16.8915069Z","D6D49D72B9F04AFF6BA86D6FAFCAD00973CADCB5D50189B34483D4E9212E6FF0"
"无水印_细纹重\5.png","273681","2026-10-04T14:17:16.9984989Z","D6D49D72B9F04AFF6BA86D6FAFCAD00973CADCB5D50189B34483D4E9212E6FF0"
"无水印_细纹重\6.png","263824","2026-10-04T14:17:17.1075544Z","79437A21CBA353815D43FC6CC60B8E0FA8C910B653A0DECAEF0D7F0974CF3CA9"
"无水印_细纹重\测试_1.png","360056","2026-10-04T14:17:17.2389891Z","06CF674DED90B078D0BB853DD846A7FFE2CC56786A4DAA964785E598ED8F871E"
"无水印底图\1.png","4755479","2026-10-04T14:29:21.6912942Z","BAC676B50E8FA8B28FAF720B219261B914725B36E84A56461F001702A3CF1884"
"已排版\第1页.png","9537105","2026-10-04T11:38:38.5790645Z","27B1608343FC5DFD875B65BA5BC195835B55C91A6D0F529BA3C611B33D9A6C15"
"原图_去水印\1.png","456293","2026-10-04T11:18:42.7172653Z","42AA57A305AE67FAD32D61528F1045D25592F8B54397818E08AA07996E073E31"
"原图_去水印\2.png","412845","2026-10-04T11:18:44.7666747Z","FD4C093A62C044D9E90C24B9521C11642574957E1A3329BD7520D6075BA19188"
"原图_去水印\3.png","468246","2026-10-04T11:18:46.7955064Z","E17748BA1B7A100A2EA535F011B217A657E06D558513524B613868E37CD99BE8"
"原图_去水印\4.png","461728","2026-10-04T11:18:48.9211473Z","BC5D7BDC74160E3AFC724C53FC63EF3B56F598DDADB880D10D37566E29A5E776"
"原图_去水印\5.png","461728","2026-10-04T11:18:50.7795361Z","BC5D7BDC74160E3AFC724C53FC63EF3B56F598DDADB880D10D37566E29A5E776"
"原图_去水印\6.png","458615","2026-10-04T11:18:52.8253219Z","3088AF6DCAB4C918CBD87B0A3B74048CB8741034621BA9292D7CB702D77D4BDC"
"原图_去水印\测试_1.png","726764","2026-10-04T11:18:54.0248617Z","C06A7CCE51E30C4E080FB7B2351AD68C07071B76D95B995FB87FD359336E28D9"
