序号,文件名,输出文件,输出尺寸,圆心,半径,不透明像素数(实测),理论πr²(参考),理论π(r+4)²(参考),底图α包围盒圆心,底图α包围盒半径,原始尺寸,出处,备注
1,1.jpg,1.png,417×417,"(414,365)",200,未实测,125664,130741,"(207.5,207.5)",204.0,未记录,"运行日志.txt L6；golden/logs/run_final/_layout_log.txt L16；总结文档.md L74","417×417 恰为 2×(200+4+4)+1"
2,2.jpg,2.png,416×415,"(412,364)",199,未实测,124410,129462,"(207.5,207.0)",203.0,未记录,"运行日志.txt L7；golden/logs/run_final/_layout_log.txt L17；总结文档.md L75","宽度因取整比公式多 1px"
3,3.jpg,3.png,417×417,"(414,365)",200,未实测,125664,130741,"(208.5,208.0)",204.0,未记录,"运行日志.txt L8；golden/logs/run_final/_layout_log.txt L18；总结文档.md L76",
4,4.jpg,4.png,417×417,"(414,364)",200,未实测,125664,130741,"(208.5,207.5)",204.0,未记录,"运行日志.txt L9；golden/logs/run_final/_layout_log.txt L19；总结文档.md L77",
5,5.jpg,5.png,417×417,"(414,364)",200,未实测,125664,130741,"(208.5,207.5)",204.0,未记录,"运行日志.txt L10；golden/logs/run_final/_layout_log.txt L20；总结文档.md L78",
6,6.jpg,6.png,416×415,"(414,365)",199,未实测,124410,129462,"(207.5,207.0)",203.5,未记录,"运行日志.txt L11；golden/logs/run_final/_layout_log.txt L21；总结文档.md L79",
7,测试_1.jpg,测试_1.png,492×492,"(397,421)",238,177418,177952,183984,"(245.0,245.0)",241.5,800×800,"运行日志.txt L12；golden/logs/run_final/_layout_log.txt L22；总结文档.md L73/L81/L83","扫描边界点73、RANSAC内点56；alpha 分层：透明58,635/羽化带4,710/近不透明1,301/不透明177,418；177,418≈π×238² 吻合99.7%"
# 说明1：本表为旧实现（Windows 版）实测结果，供 Python+PyQt6 重写逐项对照；数值以仓库根 运行日志.txt / 总结文档.md 交叉核对，并与 golden/logs/run_final/ 冻结副本一致。
# 说明2：旧去水印输出仅供参考，不作验收标准。
# 说明3：输出尺寸 = 2×(半径+羽化4+边距4)+1，因取整可能 ±1px；底图 α 包围盒半径 ≈ 抠图半径+羽化4。
# 说明4：不透明像素数(实测) 仅 测试_1 有旧运行记录；其余 6 张未统计（理论列为几何参考值，非实测），可用 golden\scripts\pixel-diff.ps1 对 golden\baseline_products\底图 复测。
# 说明5：排版阶段对照（同批 7 图）：已排版\第1页.png 2480×3508 白底；日志 pages: 1 (11 per page)；p1 slot# 1..7 依序 <- 1.png…测试_1.png；11 个槽位坐标与分配表见 golden/logs/run_final/_layout_log.txt L3-L13、L24-L30。
# 说明6：仓库根 _layout_log.txt 是更早的 14 张底图/2 页运行记录（勿用于对照）；冻结基线以 run_final 为准（golden/README.md L62）。
# 说明7：对照容差（草案）：圆心 ±2px、半径 ±2px、不透明像素数 ±0.5%（docs/验收清单.md L44-L46）。
